[{"model": "quotes.category", "pk": 16, "fields": {"name": "CCCC", "slug": "cccc", "parent": null}}, {"model": "quotes.category", "pk": 17, "fields": {"name": "CCCCC", "slug": "ccccc", "parent": null}}, {"model": "quotes.category", "pk": 18, "fields": {"name": "DDDD", "slug": "dddd", "parent": null}}, {"model": "quotes.category", "pk": 19, "fields": {"name": "2222", "slug": "2222", "parent": null}}, {"model": "quotes.category", "pk": 20, "fields": {"name": "1223", "slug": "1223", "parent": null}}, {"model": "quotes.category", "pk": 21, "fields": {"name": "dd", "slug": "dd", "parent": null}}, {"model": "quotes.category", "pk": 22, "fields": {"name": "d", "slug": "d", "parent": null}}, {"model": "quotes.category", "pk": 23, "fields": {"name": "qq", "slug": "qq", "parent": null}}, {"model": "quotes.category", "pk": 24, "fields": {"name": "dddddddddddd", "slug": "dddddddddddd", "parent": null}}, {"model": "quotes.category", "pk": 25, "fields": {"name": "dddddddddd", "slug": "dddddddddd", "parent": null}}, {"model": "quotes.category", "pk": 26, "fields": {"name": "mindsets", "slug": "mindsets", "parent": null}}, {"model": "quotes.category", "pk": 27, "fields": {"name": "designers", "slug": "designers", "parent": null}}, {"model": "quotes.category", "pk": 28, "fields": {"name": "Comedy", "slug": "comedy", "parent": null}}, {"model": "quotes.category", "pk": 29, "fields": {"name": "Mindset", "slug": "mindset", "parent": null}}, {"model": "quotes.category", "pk": 30, "fields": {"name": "cheesecake", "slug": "cheesecake", "parent": null}}, {"model": "quotes.background", "pk": 24, "fields": {"color": "#533030", "slug": "533030"}}, {"model": "quotes.background", "pk": 25, "fields": {"color": "#ff0000", "slug": "ff0000"}}, {"model": "quotes.background", "pk": 26, "fields": {"color": "#af9191", "slug": "af9191"}}, {"model": "quotes.background", "pk": 27, "fields": {"color": "#572d2d", "slug": "572d2d"}}, {"model": "quotes.background", "pk": 28, "fields": {"color": "#312727", "slug": "312727"}}, {"model": "quotes.background", "pk": 29, "fields": {"color": "#e79c9c", "slug": "e79c9c"}}, {"model": "quotes.background", "pk": 30, "fields": {"color": "q", "slug": "q"}}, {"model": "quotes.background", "pk": 31, "fields": {"color": "#552020", "slug": "552020"}}, {"model": "quotes.background", "pk": 32, "fields": {"color": "#372121", "slug": "372121"}}, {"model": "quotes.background", "pk": 33, "fields": {"color": "#036979", "slug": "036979"}}, {"model": "quotes.background", "pk": 34, "fields": {"color": "#6c6c6c", "slug": "6c6c6c"}}, {"model": "quotes.background", "pk": 35, "fields": {"color": "#ff00f5", "slug": "ff00f5"}}, {"model": "quotes.background", "pk": 36, "fields": {"color": "#00ceff", "slug": "00ceff"}}, {"model": "quotes.background", "pk": 37, "fields": {"color": "#00f5ff", "slug": "00f5ff"}}, {"model": "quotes.background", "pk": 38, "fields": {"color": "#070707", "slug": "070707"}}, {"model": "quotes.postbackground", "pk": 25, "fields": {"post": 8, "background": 24}}, {"model": "quotes.postbackground", "pk": 26, "fields": {"post": 8, "background": 26}}, {"model": "quotes.postbackground", "pk": 27, "fields": {"post": 9, "background": 27}}, {"model": "quotes.postbackground", "pk": 28, "fields": {"post": 9, "background": 25}}, {"model": "quotes.postbackground", "pk": 29, "fields": {"post": 10, "background": 28}}, {"model": "quotes.postbackground", "pk": 30, "fields": {"post": 10, "background": 25}}, {"model": "quotes.postbackground", "pk": 33, "fields": {"post": 12, "background": 30}}, {"model": "quotes.postbackground", "pk": 34, "fields": {"post": 12, "background": 25}}, {"model": "quotes.postbackground", "pk": 35, "fields": {"post": 13, "background": 31}}, {"model": "quotes.postbackground", "pk": 36, "fields": {"post": 13, "background": 32}}, {"model": "quotes.postbackground", "pk": 37, "fields": {"post": 14, "background": 33}}, {"model": "quotes.postbackground", "pk": 38, "fields": {"post": 14, "background": 34}}, {"model": "quotes.postbackground", "pk": 39, "fields": {"post": 15, "background": 35}}, {"model": "quotes.postbackground", "pk": 40, "fields": {"post": 15, "background": 36}}, {"model": "quotes.postbackground", "pk": 41, "fields": {"post": 18, "background": 37}}, {"model": "quotes.postbackground", "pk": 42, "fields": {"post": 18, "background": 38}}, {"model": "quotes.postcategory", "pk": 14, "fields": {"post": 8, "category": 17}}, {"model": "quotes.postcategory", "pk": 15, "fields": {"post": 8, "category": 18}}, {"model": "quotes.postcategory", "pk": 16, "fields": {"post": 9, "category": 19}}, {"model": "quotes.postcategory", "pk": 17, "fields": {"post": 10, "category": 20}}, {"model": "quotes.postcategory", "pk": 20, "fields": {"post": 12, "category": 23}}, {"model": "quotes.postcategory", "pk": 21, "fields": {"post": 12, "category": 21}}, {"model": "quotes.postcategory", "pk": 22, "fields": {"post": 13, "category": 24}}, {"model": "quotes.postcategory", "pk": 23, "fields": {"post": 13, "category": 25}}, {"model": "quotes.postcategory", "pk": 24, "fields": {"post": 14, "category": 26}}, {"model": "quotes.postcategory", "pk": 25, "fields": {"post": 14, "category": 27}}, {"model": "quotes.postcategory", "pk": 26, "fields": {"post": 15, "category": 28}}, {"model": "quotes.postcategory", "pk": 27, "fields": {"post": 16, "category": 27}}, {"model": "quotes.postcategory", "pk": 28, "fields": {"post": 17, "category": 28}}, {"model": "quotes.postcategory", "pk": 29, "fields": {"post": 18, "category": 29}}, {"model": "quotes.postcategory", "pk": 30, "fields": {"post": 18, "category": 30}}, {"model": "quotes.author", "pk": 2, "fields": {"name": "Travis Leslie", "img": "author_default.jpg", "slug": ""}}, {"model": "quotes.author", "pk": 3, "fields": {"name": "asdsds", "img": "author_default.jpg", "slug": "asdsds"}}, {"model": "quotes.author", "pk": 4, "fields": {"name": "dsdsds", "img": "author_default.jpg", "slug": "dsdsds"}}, {"model": "quotes.author", "pk": 5, "fields": {"name": "ddd", "img": "author_default.jpg", "slug": "ddd"}}, {"model": "quotes.author", "pk": 6, "fields": {"name": "TTT", "img": "author_default.jpg", "slug": "ttt"}}, {"model": "quotes.author", "pk": 7, "fields": {"name": "123123", "img": "author_default.jpg", "slug": "123123"}}, {"model": "quotes.author", "pk": 8, "fields": {"name": "1111", "img": "author_default.jpg", "slug": "1111"}}, {"model": "quotes.author", "pk": 9, "fields": {"name": "qqqq", "img": "author_default.jpg", "slug": "qqqq"}}, {"model": "quotes.author", "pk": 10, "fields": {"name": "qqq", "img": "author_default.jpg", "slug": "qqq"}}, {"model": "quotes.author", "pk": 11, "fields": {"name": "122", "img": "author_default.jpg", "slug": "122"}}, {"model": "quotes.author", "pk": 12, "fields": {"name": "SSSSS", "img": "author_default.jpg", "slug": "sssss"}}, {"model": "quotes.author", "pk": 13, "fields": {"name": "BBBB", "img": "author_default.jpg", "slug": "bbbb"}}, {"model": "quotes.author", "pk": 14, "fields": {"name": "BBBBB", "img": "author_default.jpg", "slug": "bbbbb"}}, {"model": "quotes.author", "pk": 15, "fields": {"name": "111", "img": "author_default.jpg", "slug": "111"}}, {"model": "quotes.author", "pk": 16, "fields": {"name": "dqq", "img": "author_default.jpg", "slug": "dqq"}}, {"model": "quotes.author", "pk": 17, "fields": {"name": "ddddddddd", "img": "author_default.jpg", "slug": "ddddddddd"}}, {"model": "quotes.author", "pk": 18, "fields": {"name": "George Eliot", "img": "profile_pics/barber-profile.jpg", "slug": "george-eliot"}}, {"model": "quotes.author", "pk": 19, "fields": {"name": "Deep Roy", "img": "author_default.jpg", "slug": "deep-roy"}}, {"model": "quotes.quotecollections", "pk": 1, "fields": {"name": "Travis Leslie", "title": "Testing this jam", "img": "default.jpg", "draft": true, "slug": "testing-this-jam", "published": "2019-11-15T01:58:08Z", "date_posted": "2019-11-15T01:58:08Z", "quote": [9]}}, {"model": "contenttypes.contenttype", "pk": 1, "fields": {"app_label": "admin", "model": "logentry"}}, {"model": "contenttypes.contenttype", "pk": 2, "fields": {"app_label": "auth", "model": "permission"}}, {"model": "contenttypes.contenttype", "pk": 3, "fields": {"app_label": "auth", "model": "group"}}, {"model": "contenttypes.contenttype", "pk": 4, "fields": {"app_label": "auth", "model": "user"}}, {"model": "contenttypes.contenttype", "pk": 5, "fields": {"app_label": "contenttypes", "model": "contenttype"}}, {"model": "contenttypes.contenttype", "pk": 6, "fields": {"app_label": "sessions", "model": "session"}}, {"model": "contenttypes.contenttype", "pk": 7, "fields": {"app_label": "quotes", "model": "post"}}, {"model": "contenttypes.contenttype", "pk": 8, "fields": {"app_label": "users", "model": "profile"}}, {"model": "contenttypes.contenttype", "pk": 9, "fields": {"app_label": "quotes", "model": "category"}}, {"model": "contenttypes.contenttype", "pk": 10, "fields": {"app_label": "quotes", "model": "author"}}, {"model": "contenttypes.contenttype", "pk": 11, "fields": {"app_label": "quotes", "model": "background"}}, {"model": "contenttypes.contenttype", "pk": 12, "fields": {"app_label": "quotes", "model": "postbackground"}}, {"model": "contenttypes.contenttype", "pk": 13, "fields": {"app_label": "quotes", "model": "postcategory"}}, {"model": "contenttypes.contenttype", "pk": 14, "fields": {"app_label": "quotes", "model": "like"}}, {"model": "contenttypes.contenttype", "pk": 15, "fields": {"app_label": "quotes", "model": "potd"}}, {"model": "contenttypes.contenttype", "pk": 16, "fields": {"app_label": "potd", "model": "photooftheday"}}, {"model": "contenttypes.contenttype", "pk": 17, "fields": {"app_label": "quotes", "model": "quotecollections"}}, {"model": "sessions.session", "pk": "4pvdo8rvtm4iaiuprgkbax99n8tjumk3", "fields": {"session_data": "YWJjODM5Y2UyOTdmNThhMGU2ZmQ5MzAzYmZhZjM0Yzc4OThmZDZlMDp7fQ==", "expire_date": "2019-11-17T01:34:30.275Z"}}, {"model": "sessions.session", "pk": "c50o5b1afnhp6lk3iswmd4ks16l6iltw", "fields": {"session_data": "MjE5Njg5Yzk4MjYwMDI3NTJjZTE4MjQ0OWY0OTY1NjliMWM1M2MxYjp7Il9hdXRoX3VzZXJfaWQiOiI5IiwiX2F1dGhfdXNlcl9iYWNrZW5kIjoiZGphbmdvLmNvbnRyaWIuYXV0aC5iYWNrZW5kcy5Nb2RlbEJhY2tlbmQiLCJfYXV0aF91c2VyX2hhc2giOiJlODRjYmFiYjcyMzFlNGIwZTE0NTc2MGUwZmJmNDMzZjUyY2RkZTlkIn0=", "expire_date": "2019-12-06T17:31:13.792Z"}}, {"model": "sessions.session", "pk": "dx6iytwe4prp0oc27asqlh305i3ce8a8", "fields": {"session_data": "YWJjODM5Y2UyOTdmNThhMGU2ZmQ5MzAzYmZhZjM0Yzc4OThmZDZlMDp7fQ==", "expire_date": "2019-11-17T01:33:58.972Z"}}, {"model": "sessions.session", "pk": "pu3wrisrj0wbgykxxzj7ajwqqlts8gge", "fields": {"session_data": "ZjVhOTU2YTkyNzZlMTJiY2ZmY2ViZjc1MDNlOTVjMDdjMTBiYzAzZDp7Il9hdXRoX3VzZXJfaWQiOiI4IiwiX2F1dGhfdXNlcl9iYWNrZW5kIjoiZGphbmdvLmNvbnRyaWIuYXV0aC5iYWNrZW5kcy5Nb2RlbEJhY2tlbmQiLCJfYXV0aF91c2VyX2hhc2giOiI0ZWQ0MGM3YTIwMjI4OWFjYTk4MjIzNjdhODg2Njg3OTI3MTJkZTNlIn0=", "expire_date": "2019-11-26T15:36:09.919Z"}}, {"model": "sessions.session", "pk": "qfudom4nqlztiijhdy5akmpjbrttj5hn", "fields": {"session_data": "ZmY3ZjIwNzJkYzFlNWQ1MDI3MWI5MTc3NmIxMGJhMDNmYTc5OTJhYzp7Il9hdXRoX3VzZXJfaWQiOiIxIiwiX2F1dGhfdXNlcl9iYWNrZW5kIjoiZGphbmdvLmNvbnRyaWIuYXV0aC5iYWNrZW5kcy5Nb2RlbEJhY2tlbmQiLCJfYXV0aF91c2VyX2hhc2giOiI1ZTM3OTA4NTVhYTNjM2I1NTBlNTFjMDEyMmM4ZTM0NjExNTYyYmYxIn0=", "expire_date": "2019-11-27T22:42:52.029Z"}}, {"model": "sessions.session", "pk": "tt8bzkyf87k09mhf1k3io1ykh6x2psxs", "fields": {"session_data": "YWJjODM5Y2UyOTdmNThhMGU2ZmQ5MzAzYmZhZjM0Yzc4OThmZDZlMDp7fQ==", "expire_date": "2019-11-17T01:33:00.185Z"}}, {"model": "sessions.session", "pk": "uy1qnkhk6ibzp1kfav3theyqx0osbcl3", "fields": {"session_data": "ZmY3ZjIwNzJkYzFlNWQ1MDI3MWI5MTc3NmIxMGJhMDNmYTc5OTJhYzp7Il9hdXRoX3VzZXJfaWQiOiIxIiwiX2F1dGhfdXNlcl9iYWNrZW5kIjoiZGphbmdvLmNvbnRyaWIuYXV0aC5iYWNrZW5kcy5Nb2RlbEJhY2tlbmQiLCJfYXV0aF91c2VyX2hhc2giOiI1ZTM3OTA4NTVhYTNjM2I1NTBlNTFjMDEyMmM4ZTM0NjExNTYyYmYxIn0=", "expire_date": "2019-11-17T20:13:05.219Z"}}, {"model": "sessions.session", "pk": "x5q7bojykk3awtv7yzksj8v4eb7r4vuu", "fields": {"session_data": "ZjVhOTU2YTkyNzZlMTJiY2ZmY2ViZjc1MDNlOTVjMDdjMTBiYzAzZDp7Il9hdXRoX3VzZXJfaWQiOiI4IiwiX2F1dGhfdXNlcl9iYWNrZW5kIjoiZGphbmdvLmNvbnRyaWIuYXV0aC5iYWNrZW5kcy5Nb2RlbEJhY2tlbmQiLCJfYXV0aF91c2VyX2hhc2giOiI0ZWQ0MGM3YTIwMjI4OWFjYTk4MjIzNjdhODg2Njg3OTI3MTJkZTNlIn0=", "expire_date": "2019-11-22T00:50:43.204Z"}}, {"model": "sessions.session", "pk": "zzi0fa55dyf0liwjq5tn05kzxu1vxsq7", "fields": {"session_data": "ZjVhOTU2YTkyNzZlMTJiY2ZmY2ViZjc1MDNlOTVjMDdjMTBiYzAzZDp7Il9hdXRoX3VzZXJfaWQiOiI4IiwiX2F1dGhfdXNlcl9iYWNrZW5kIjoiZGphbmdvLmNvbnRyaWIuYXV0aC5iYWNrZW5kcy5Nb2RlbEJhY2tlbmQiLCJfYXV0aF91c2VyX2hhc2giOiI0ZWQ0MGM3YTIwMjI4OWFjYTk4MjIzNjdhODg2Njg3OTI3MTJkZTNlIn0=", "expire_date": "2019-11-20T06:29:20.274Z"}}, {"model": "auth.permission", "pk": 1, "fields": {"name": "Can add log entry", "content_type": 1, "codename": "add_logentry"}}, {"model": "auth.permission", "pk": 2, "fields": {"name": "Can change log entry", "content_type": 1, "codename": "change_logentry"}}, {"model": "auth.permission", "pk": 3, "fields": {"name": "Can delete log entry", "content_type": 1, "codename": "delete_logentry"}}, {"model": "auth.permission", "pk": 4, "fields": {"name": "Can view log entry", "content_type": 1, "codename": "view_logentry"}}, {"model": "auth.permission", "pk": 5, "fields": {"name": "Can add permission", "content_type": 2, "codename": "add_permission"}}, {"model": "auth.permission", "pk": 6, "fields": {"name": "Can change permission", "content_type": 2, "codename": "change_permission"}}, {"model": "auth.permission", "pk": 7, "fields": {"name": "Can delete permission", "content_type": 2, "codename": "delete_permission"}}, {"model": "auth.permission", "pk": 8, "fields": {"name": "Can view permission", "content_type": 2, "codename": "view_permission"}}, {"model": "auth.permission", "pk": 9, "fields": {"name": "Can add group", "content_type": 3, "codename": "add_group"}}, {"model": "auth.permission", "pk": 10, "fields": {"name": "Can change group", "content_type": 3, "codename": "change_group"}}, {"model": "auth.permission", "pk": 11, "fields": {"name": "Can delete group", "content_type": 3, "codename": "delete_group"}}, {"model": "auth.permission", "pk": 12, "fields": {"name": "Can view group", "content_type": 3, "codename": "view_group"}}, {"model": "auth.permission", "pk": 13, "fields": {"name": "Can add user", "content_type": 4, "codename": "add_user"}}, {"model": "auth.permission", "pk": 14, "fields": {"name": "Can change user", "content_type": 4, "codename": "change_user"}}, {"model": "auth.permission", "pk": 15, "fields": {"name": "Can delete user", "content_type": 4, "codename": "delete_user"}}, {"model": "auth.permission", "pk": 16, "fields": {"name": "Can view user", "content_type": 4, "codename": "view_user"}}, {"model": "auth.permission", "pk": 17, "fields": {"name": "Can add content type", "content_type": 5, "codename": "add_contenttype"}}, {"model": "auth.permission", "pk": 18, "fields": {"name": "Can change content type", "content_type": 5, "codename": "change_contenttype"}}, {"model": "auth.permission", "pk": 19, "fields": {"name": "Can delete content type", "content_type": 5, "codename": "delete_contenttype"}}, {"model": "auth.permission", "pk": 20, "fields": {"name": "Can view content type", "content_type": 5, "codename": "view_contenttype"}}, {"model": "auth.permission", "pk": 21, "fields": {"name": "Can add session", "content_type": 6, "codename": "add_session"}}, {"model": "auth.permission", "pk": 22, "fields": {"name": "Can change session", "content_type": 6, "codename": "change_session"}}, {"model": "auth.permission", "pk": 23, "fields": {"name": "Can delete session", "content_type": 6, "codename": "delete_session"}}, {"model": "auth.permission", "pk": 24, "fields": {"name": "Can view session", "content_type": 6, "codename": "view_session"}}, {"model": "auth.permission", "pk": 25, "fields": {"name": "Can add post", "content_type": 7, "codename": "add_post"}}, {"model": "auth.permission", "pk": 26, "fields": {"name": "Can change post", "content_type": 7, "codename": "change_post"}}, {"model": "auth.permission", "pk": 27, "fields": {"name": "Can delete post", "content_type": 7, "codename": "delete_post"}}, {"model": "auth.permission", "pk": 28, "fields": {"name": "Can view post", "content_type": 7, "codename": "view_post"}}, {"model": "auth.permission", "pk": 29, "fields": {"name": "Can add profile", "content_type": 8, "codename": "add_profile"}}, {"model": "auth.permission", "pk": 30, "fields": {"name": "Can change profile", "content_type": 8, "codename": "change_profile"}}, {"model": "auth.permission", "pk": 31, "fields": {"name": "Can delete profile", "content_type": 8, "codename": "delete_profile"}}, {"model": "auth.permission", "pk": 32, "fields": {"name": "Can view profile", "content_type": 8, "codename": "view_profile"}}, {"model": "auth.permission", "pk": 33, "fields": {"name": "Can add Category", "content_type": 9, "codename": "add_category"}}, {"model": "auth.permission", "pk": 34, "fields": {"name": "Can change Category", "content_type": 9, "codename": "change_category"}}, {"model": "auth.permission", "pk": 35, "fields": {"name": "Can delete Category", "content_type": 9, "codename": "delete_category"}}, {"model": "auth.permission", "pk": 36, "fields": {"name": "Can view Category", "content_type": 9, "codename": "view_category"}}, {"model": "auth.permission", "pk": 37, "fields": {"name": "Can add author", "content_type": 10, "codename": "add_author"}}, {"model": "auth.permission", "pk": 38, "fields": {"name": "Can change author", "content_type": 10, "codename": "change_author"}}, {"model": "auth.permission", "pk": 39, "fields": {"name": "Can delete author", "content_type": 10, "codename": "delete_author"}}, {"model": "auth.permission", "pk": 40, "fields": {"name": "Can view author", "content_type": 10, "codename": "view_author"}}, {"model": "auth.permission", "pk": 41, "fields": {"name": "Can add background", "content_type": 11, "codename": "add_background"}}, {"model": "auth.permission", "pk": 42, "fields": {"name": "Can change background", "content_type": 11, "codename": "change_background"}}, {"model": "auth.permission", "pk": 43, "fields": {"name": "Can delete background", "content_type": 11, "codename": "delete_background"}}, {"model": "auth.permission", "pk": 44, "fields": {"name": "Can view background", "content_type": 11, "codename": "view_background"}}, {"model": "auth.permission", "pk": 45, "fields": {"name": "Can add post background", "content_type": 12, "codename": "add_postbackground"}}, {"model": "auth.permission", "pk": 46, "fields": {"name": "Can change post background", "content_type": 12, "codename": "change_postbackground"}}, {"model": "auth.permission", "pk": 47, "fields": {"name": "Can delete post background", "content_type": 12, "codename": "delete_postbackground"}}, {"model": "auth.permission", "pk": 48, "fields": {"name": "Can view post background", "content_type": 12, "codename": "view_postbackground"}}, {"model": "auth.permission", "pk": 49, "fields": {"name": "Can add post category", "content_type": 13, "codename": "add_postcategory"}}, {"model": "auth.permission", "pk": 50, "fields": {"name": "Can change post category", "content_type": 13, "codename": "change_postcategory"}}, {"model": "auth.permission", "pk": 51, "fields": {"name": "Can delete post category", "content_type": 13, "codename": "delete_postcategory"}}, {"model": "auth.permission", "pk": 52, "fields": {"name": "Can view post category", "content_type": 13, "codename": "view_postcategory"}}, {"model": "auth.permission", "pk": 53, "fields": {"name": "Can add like", "content_type": 14, "codename": "add_like"}}, {"model": "auth.permission", "pk": 54, "fields": {"name": "Can change like", "content_type": 14, "codename": "change_like"}}, {"model": "auth.permission", "pk": 55, "fields": {"name": "Can delete like", "content_type": 14, "codename": "delete_like"}}, {"model": "auth.permission", "pk": 56, "fields": {"name": "Can view like", "content_type": 14, "codename": "view_like"}}, {"model": "auth.permission", "pk": 57, "fields": {"name": "Can add potd", "content_type": 15, "codename": "add_potd"}}, {"model": "auth.permission", "pk": 58, "fields": {"name": "Can change potd", "content_type": 15, "codename": "change_potd"}}, {"model": "auth.permission", "pk": 59, "fields": {"name": "Can delete potd", "content_type": 15, "codename": "delete_potd"}}, {"model": "auth.permission", "pk": 60, "fields": {"name": "Can view potd", "content_type": 15, "codename": "view_potd"}}, {"model": "auth.permission", "pk": 61, "fields": {"name": "Can add photo of the day", "content_type": 16, "codename": "add_photooftheday"}}, {"model": "auth.permission", "pk": 62, "fields": {"name": "Can change photo of the day", "content_type": 16, "codename": "change_photooftheday"}}, {"model": "auth.permission", "pk": 63, "fields": {"name": "Can delete photo of the day", "content_type": 16, "codename": "delete_photooftheday"}}, {"model": "auth.permission", "pk": 64, "fields": {"name": "Can view photo of the day", "content_type": 16, "codename": "view_photooftheday"}}, {"model": "auth.permission", "pk": 65, "fields": {"name": "Can add quote collections", "content_type": 17, "codename": "add_quotecollections"}}, {"model": "auth.permission", "pk": 66, "fields": {"name": "Can change quote collections", "content_type": 17, "codename": "change_quotecollections"}}, {"model": "auth.permission", "pk": 67, "fields": {"name": "Can delete quote collections", "content_type": 17, "codename": "delete_quotecollections"}}, {"model": "auth.permission", "pk": 68, "fields": {"name": "Can view quote collections", "content_type": 17, "codename": "view_quotecollections"}}, {"model": "auth.user", "pk": 8, "fields": {"password": "pbkdf2_sha256$150000$sGhO4rKtO9gJ$GIX9NgKWEI/0ixV8DETWD4vtzuAn/lJZulHQghO2Hsw=", "last_login": "2019-11-12T15:36:09.906Z", "is_superuser": true, "username": "root", "first_name": "", "last_name": "", "email": "root@root.com", "is_staff": true, "is_active": true, "date_joined": "2019-11-04T20:19:47.824Z", "groups": [], "user_permissions": []}}, {"model": "auth.user", "pk": 9, "fields": {"password": "pbkdf2_sha256$150000$R2co0ReHtpDo$GKOf3SJfS9dLcfIxH5n9p8dzOkAbTvW25kryakxSkHc=", "last_login": "2019-11-22T17:31:13.580Z", "is_superuser": true, "username": "admin1", "first_name": "", "last_name": "", "email": "", "is_staff": true, "is_active": true, "date_joined": "2019-11-21T11:25:54.271Z", "groups": [], "user_permissions": []}}, {"model": "admin.logentry", "pk": 1, "fields": {"action_time": "2019-11-01T20:05:31.506Z", "user": 1, "content_type": 4, "object_id": "2", "object_repr": "TestUser", "action_flag": 1, "change_message": "[{\"added\": {}}]"}}, {"model": "admin.logentry", "pk": 2, "fields": {"action_time": "2019-11-01T20:05:46.929Z", "user": 1, "content_type": 4, "object_id": "2", "object_repr": "TestUser", "action_flag": 2, "change_message": "[{\"changed\": {\"fields\": [\"email\"]}}]"}}, {"model": "admin.logentry", "pk": 3, "fields": {"action_time": "2019-11-01T20:34:58.974Z", "user": 1, "content_type": 7, "object_id": "1", "object_repr": "djfjhds", "action_flag": 1, "change_message": "[{\"added\": {}}]"}}, {"model": "admin.logentry", "pk": 4, "fields": {"action_time": "2019-11-02T00:57:58.334Z", "user": 1, "content_type": 8, "object_id": "1", "object_repr": "Profile object (1)", "action_flag": 1, "change_message": "[{\"added\": {}}]"}}, {"model": "admin.logentry", "pk": 5, "fields": {"action_time": "2019-11-02T00:58:09.769Z", "user": 1, "content_type": 8, "object_id": "2", "object_repr": "Profile object (2)", "action_flag": 1, "change_message": "[{\"added\": {}}]"}}, {"model": "admin.logentry", "pk": 6, "fields": {"action_time": "2019-11-02T00:58:24.629Z", "user": 1, "content_type": 8, "object_id": "1", "object_repr": "Profile object (1)", "action_flag": 2, "change_message": "[]"}}, {"model": "admin.logentry", "pk": 7, "fields": {"action_time": "2019-11-02T01:04:15.526Z", "user": 1, "content_type": 8, "object_id": "2", "object_repr": "TestUser Profile", "action_flag": 3, "change_message": ""}}, {"model": "admin.logentry", "pk": 8, "fields": {"action_time": "2019-11-02T01:04:15.528Z", "user": 1, "content_type": 8, "object_id": "1", "object_repr": "admin Profile", "action_flag": 3, "change_message": ""}}, {"model": "admin.logentry", "pk": 9, "fields": {"action_time": "2019-11-02T01:04:29.392Z", "user": 1, "content_type": 8, "object_id": "3", "object_repr": "admin Profile", "action_flag": 1, "change_message": "[{\"added\": {}}]"}}, {"model": "admin.logentry", "pk": 10, "fields": {"action_time": "2019-11-02T01:04:36.168Z", "user": 1, "content_type": 8, "object_id": "4", "object_repr": "TestUser Profile", "action_flag": 1, "change_message": "[{\"added\": {}}]"}}, {"model": "admin.logentry", "pk": 11, "fields": {"action_time": "2019-11-03T01:05:32.621Z", "user": 1, "content_type": 7, "object_id": "3", "object_repr": "How to make 100k a year taking photos and making videos", "action_flag": 3, "change_message": ""}}, {"model": "admin.logentry", "pk": 12, "fields": {"action_time": "2019-11-03T01:05:32.623Z", "user": 1, "content_type": 7, "object_id": "2", "object_repr": "dfdss", "action_flag": 3, "change_message": ""}}, {"model": "admin.logentry", "pk": 13, "fields": {"action_time": "2019-11-03T01:05:32.625Z", "user": 1, "content_type": 7, "object_id": "1", "object_repr": "djfjhds", "action_flag": 3, "change_message": ""}}, {"model": "admin.logentry", "pk": 14, "fields": {"action_time": "2019-11-03T01:09:45.710Z", "user": 1, "content_type": 7, "object_id": "5", "object_repr": "How to make 100k a year taking photos and making videos", "action_flag": 1, "change_message": "[{\"added\": {}}]"}}, {"model": "admin.logentry", "pk": 15, "fields": {"action_time": "2019-11-03T01:25:20.168Z", "user": 1, "content_type": 8, "object_id": "5", "object_repr": "Testuser3 Profile", "action_flag": 3, "change_message": ""}}, {"model": "admin.logentry", "pk": 16, "fields": {"action_time": "2019-11-03T01:25:20.172Z", "user": 1, "content_type": 8, "object_id": "4", "object_repr": "TestUser Profile", "action_flag": 3, "change_message": ""}}, {"model": "admin.logentry", "pk": 17, "fields": {"action_time": "2019-11-03T01:25:20.173Z", "user": 1, "content_type": 8, "object_id": "3", "object_repr": "admin Profile", "action_flag": 3, "change_message": ""}}, {"model": "admin.logentry", "pk": 25, "fields": {"action_time": "2019-11-03T20:14:48.379Z", "user": 1, "content_type": 7, "object_id": "10", "object_repr": "helllo world", "action_flag": 3, "change_message": ""}}, {"model": "admin.logentry", "pk": 26, "fields": {"action_time": "2019-11-03T20:14:48.381Z", "user": 1, "content_type": 7, "object_id": "9", "object_repr": "fddfd", "action_flag": 3, "change_message": ""}}, {"model": "admin.logentry", "pk": 27, "fields": {"action_time": "2019-11-03T20:14:48.383Z", "user": 1, "content_type": 7, "object_id": "8", "object_repr": "dfdfd", "action_flag": 3, "change_message": ""}}, {"model": "admin.logentry", "pk": 28, "fields": {"action_time": "2019-11-03T20:14:48.384Z", "user": 1, "content_type": 7, "object_id": "7", "object_repr": "dsfdsfddf", "action_flag": 3, "change_message": ""}}, {"model": "admin.logentry", "pk": 29, "fields": {"action_time": "2019-11-03T20:15:16.345Z", "user": 1, "content_type": 9, "object_id": "3", "object_repr": "Art", "action_flag": 1, "change_message": "[{\"added\": {}}]"}}, {"model": "admin.logentry", "pk": 30, "fields": {"action_time": "2019-11-03T20:15:24.955Z", "user": 1, "content_type": 9, "object_id": "2", "object_repr": "design", "action_flag": 3, "change_message": ""}}, {"model": "admin.logentry", "pk": 31, "fields": {"action_time": "2019-11-03T20:15:24.957Z", "user": 1, "content_type": 9, "object_id": "1", "object_repr": "art", "action_flag": 3, "change_message": ""}}, {"model": "admin.logentry", "pk": 32, "fields": {"action_time": "2019-11-03T20:16:29.892Z", "user": 1, "content_type": 7, "object_id": "1", "object_repr": "Creatives live with alot of weight", "action_flag": 1, "change_message": "[{\"added\": {}}]"}}, {"model": "admin.logentry", "pk": 33, "fields": {"action_time": "2019-11-03T20:17:54.367Z", "user": 1, "content_type": 10, "object_id": "1", "object_repr": "Author object (1)", "action_flag": 1, "change_message": "[{\"added\": {}}]"}}, {"model": "admin.logentry", "pk": 34, "fields": {"action_time": "2019-11-03T20:19:57.633Z", "user": 1, "content_type": 9, "object_id": "4", "object_repr": "Originality", "action_flag": 1, "change_message": "[{\"added\": {}}]"}}, {"model": "admin.logentry", "pk": 35, "fields": {"action_time": "2019-11-03T20:20:28.184Z", "user": 1, "content_type": 7, "object_id": "1", "object_repr": "Everyone repeats themselves", "action_flag": 2, "change_message": "[{\"changed\": {\"fields\": [\"quote\", \"author\", \"category\"]}}]"}}, {"model": "admin.logentry", "pk": 36, "fields": {"action_time": "2019-11-04T01:17:02.787Z", "user": 1, "content_type": 7, "object_id": "3", "object_repr": "test", "action_flag": 3, "change_message": ""}}, {"model": "admin.logentry", "pk": 37, "fields": {"action_time": "2019-11-04T01:17:02.790Z", "user": 1, "content_type": 7, "object_id": "2", "object_repr": "Plagiarism of which i have been a constant victim, is not as painful when a thing is coped outright as when it is distorted and vulgarized in an attempt to disguise the theft.", "action_flag": 3, "change_message": ""}}, {"model": "admin.logentry", "pk": 38, "fields": {"action_time": "2019-11-04T01:17:02.791Z", "user": 1, "content_type": 7, "object_id": "1", "object_repr": "Everyone repeats themselves", "action_flag": 3, "change_message": ""}}, {"model": "admin.logentry", "pk": 39, "fields": {"action_time": "2019-11-04T01:17:16.375Z", "user": 1, "content_type": 10, "object_id": "1", "object_repr": "Rachel Whiteread", "action_flag": 3, "change_message": ""}}, {"model": "admin.logentry", "pk": 40, "fields": {"action_time": "2019-11-04T01:18:29.645Z", "user": 1, "content_type": 4, "object_id": "3", "object_repr": "tester1", "action_flag": 3, "change_message": ""}}, {"model": "admin.logentry", "pk": 41, "fields": {"action_time": "2019-11-04T01:18:29.647Z", "user": 1, "content_type": 4, "object_id": "7", "object_repr": "cheesecake", "action_flag": 3, "change_message": ""}}, {"model": "admin.logentry", "pk": 42, "fields": {"action_time": "2019-11-04T01:18:29.649Z", "user": 1, "content_type": 4, "object_id": "5", "object_repr": "Testuser3", "action_flag": 3, "change_message": ""}}, {"model": "admin.logentry", "pk": 43, "fields": {"action_time": "2019-11-04T01:18:29.650Z", "user": 1, "content_type": 4, "object_id": "4", "object_repr": "Tester2", "action_flag": 3, "change_message": ""}}, {"model": "admin.logentry", "pk": 44, "fields": {"action_time": "2019-11-04T01:18:29.652Z", "user": 1, "content_type": 4, "object_id": "2", "object_repr": "TestUser", "action_flag": 3, "change_message": ""}}, {"model": "admin.logentry", "pk": 45, "fields": {"action_time": "2019-11-04T01:18:29.653Z", "user": 1, "content_type": 4, "object_id": "6", "object_repr": "user", "action_flag": 3, "change_message": ""}}, {"model": "admin.logentry", "pk": 46, "fields": {"action_time": "2019-11-04T01:22:52.750Z", "user": 1, "content_type": 7, "object_id": "4", "object_repr": "dfdfd", "action_flag": 1, "change_message": "[{\"added\": {}}]"}}, {"model": "admin.logentry", "pk": 47, "fields": {"action_time": "2019-11-04T01:36:58.864Z", "user": 1, "content_type": 10, "object_id": "2", "object_repr": "Travis Leslie", "action_flag": 1, "change_message": "[{\"added\": {}}]"}}, {"model": "admin.logentry", "pk": 48, "fields": {"action_time": "2019-11-06T03:37:09.326Z", "user": 8, "content_type": 7, "object_id": "2", "object_repr": "TTTTTta", "action_flag": 2, "change_message": "[]"}}, {"model": "admin.logentry", "pk": 49, "fields": {"action_time": "2019-11-06T04:35:32.010Z", "user": 8, "content_type": 7, "object_id": "4", "object_repr": "qqq", "action_flag": 3, "change_message": ""}}, {"model": "admin.logentry", "pk": 50, "fields": {"action_time": "2019-11-09T01:59:46.759Z", "user": 8, "content_type": 7, "object_id": "9", "object_repr": "TTT", "action_flag": 2, "change_message": "[{\"changed\": {\"fields\": [\"feature\"]}}]"}}, {"model": "admin.logentry", "pk": 51, "fields": {"action_time": "2019-11-12T21:52:25.059Z", "user": 1, "content_type": 10, "object_id": "18", "object_repr": "George Eliot", "action_flag": 2, "change_message": "[{\"changed\": {\"fields\": [\"img\"]}}]"}}, {"model": "admin.logentry", "pk": 52, "fields": {"action_time": "2019-11-13T22:55:29.362Z", "user": 1, "content_type": 7, "object_id": "16", "object_repr": "Lets test this to publish this out", "action_flag": 1, "change_message": "[{\"added\": {}}, {\"added\": {\"name\": \"post category\", \"object\": \"PostCategory object (27)\"}}]"}}, {"model": "admin.logentry", "pk": 53, "fields": {"action_time": "2019-11-13T23:11:51.916Z", "user": 1, "content_type": 7, "object_id": "16", "object_repr": "Lets test this to publish this out", "action_flag": 2, "change_message": "[{\"changed\": {\"fields\": [\"img_author\", \"img_author_url\"]}}]"}}, {"model": "admin.logentry", "pk": 54, "fields": {"action_time": "2019-11-13T23:12:12.301Z", "user": 1, "content_type": 7, "object_id": "16", "object_repr": "Lets test this to publish this out", "action_flag": 2, "change_message": "[{\"changed\": {\"fields\": [\"img\"]}}]"}}, {"model": "admin.logentry", "pk": 55, "fields": {"action_time": "2019-11-13T23:46:14.607Z", "user": 1, "content_type": 16, "object_id": "1", "object_repr": "Close of photo of some leaves with rain drops", "action_flag": 1, "change_message": "[{\"added\": {}}]"}}, {"model": "admin.logentry", "pk": 56, "fields": {"action_time": "2019-11-13T23:49:38.211Z", "user": 1, "content_type": 7, "object_id": "17", "object_repr": "score score score dkdjfkdsjfkdslfjkfd", "action_flag": 1, "change_message": "[{\"added\": {}}, {\"added\": {\"name\": \"post category\", \"object\": \"PostCategory object (28)\"}}]"}}, {"model": "admin.logentry", "pk": 57, "fields": {"action_time": "2019-11-14T00:06:32.239Z", "user": 1, "content_type": 16, "object_id": "2", "object_repr": "How to make 100k a year taking photos and making videos", "action_flag": 1, "change_message": "[{\"added\": {}}]"}}, {"model": "admin.logentry", "pk": 58, "fields": {"action_time": "2019-11-14T00:12:53.973Z", "user": 1, "content_type": 16, "object_id": "3", "object_repr": "How to make 100k a year taking photos and making videos", "action_flag": 1, "change_message": "[{\"added\": {}}]"}}, {"model": "admin.logentry", "pk": 59, "fields": {"action_time": "2019-11-14T00:13:11.472Z", "user": 1, "content_type": 16, "object_id": "1", "object_repr": "Close of photo of some leaves with rain drops", "action_flag": 2, "change_message": "[{\"changed\": {\"fields\": [\"slug\"]}}]"}}, {"model": "admin.logentry", "pk": 60, "fields": {"action_time": "2019-11-14T04:19:38.226Z", "user": 1, "content_type": 7, "object_id": "16", "object_repr": "Lets test this to publish this out", "action_flag": 2, "change_message": "[{\"changed\": {\"fields\": [\"date_posted\"]}}]"}}, {"model": "admin.logentry", "pk": 61, "fields": {"action_time": "2019-11-14T04:19:59.023Z", "user": 1, "content_type": 7, "object_id": "16", "object_repr": "Lets test this to publish this out", "action_flag": 2, "change_message": "[{\"changed\": {\"fields\": [\"published\"]}}]"}}, {"model": "admin.logentry", "pk": 62, "fields": {"action_time": "2019-11-15T01:58:19.644Z", "user": 1, "content_type": 17, "object_id": "1", "object_repr": "Testing this jam", "action_flag": 1, "change_message": "[{\"added\": {}}]"}}, {"model": "admin.logentry", "pk": 63, "fields": {"action_time": "2019-11-15T02:18:41.027Z", "user": 1, "content_type": 7, "object_id": "18", "object_repr": "testing this once again to see how well lit does", "action_flag": 2, "change_message": "[{\"changed\": {\"fields\": [\"feature_qotd\", \"img_author\", \"img_author_url\"]}}]"}}, {"model": "admin.logentry", "pk": 64, "fields": {"action_time": "2019-11-15T02:27:07.846Z", "user": 1, "content_type": 7, "object_id": "18", "object_repr": "testing this once again to see how well lit does", "action_flag": 2, "change_message": "[{\"changed\": {\"fields\": [\"feature_qotd\"]}}]"}}, {"model": "admin.logentry", "pk": 65, "fields": {"action_time": "2019-11-15T02:28:04.943Z", "user": 1, "content_type": 7, "object_id": "18", "object_repr": "testing this once again to see how well lit does", "action_flag": 2, "change_message": "[{\"changed\": {\"fields\": [\"feature_qotd\"]}}]"}}, {"model": "admin.logentry", "pk": 66, "fields": {"action_time": "2019-11-15T02:32:26.969Z", "user": 1, "content_type": 17, "object_id": "1", "object_repr": "Testing this jam", "action_flag": 2, "change_message": "[{\"changed\": {\"fields\": [\"quote\"]}}]"}}, {"model": "admin.logentry", "pk": 67, "fields": {"action_time": "2019-11-21T11:26:43.074Z", "user": 9, "content_type": 7, "object_id": "17", "object_repr": "score score score dkdjfkdsjfkdslfjkfd", "action_flag": 2, "change_message": "[{\"changed\": {\"fields\": [\"feature_qotd\"]}}]"}}, {"model": "admin.logentry", "pk": 68, "fields": {"action_time": "2019-11-21T11:26:58.762Z", "user": 9, "content_type": 7, "object_id": "18", "object_repr": "testing this once again to see how well lit does", "action_flag": 2, "change_message": "[{\"changed\": {\"fields\": [\"feature_qotd\"]}}]"}}, {"model": "admin.logentry", "pk": 69, "fields": {"action_time": "2019-11-21T11:27:03.475Z", "user": 9, "content_type": 7, "object_id": "17", "object_repr": "score score score dkdjfkdsjfkdslfjkfd", "action_flag": 2, "change_message": "[{\"changed\": {\"fields\": [\"feature_qotd\"]}}]"}}, {"model": "admin.logentry", "pk": 70, "fields": {"action_time": "2019-11-21T19:42:22.586Z", "user": 9, "content_type": 7, "object_id": "11", "object_repr": "", "action_flag": 3, "change_message": ""}}, {"model": "admin.logentry", "pk": 71, "fields": {"action_time": "2019-11-21T20:32:25.338Z", "user": 9, "content_type": 7, "object_id": "9", "object_repr": "TTT", "action_flag": 2, "change_message": "[{\"changed\": {\"fields\": [\"feature_qotd\", \"img_author\", \"img_author_url\"]}}]"}}, {"model": "admin.logentry", "pk": 72, "fields": {"action_time": "2019-11-21T20:32:36.270Z", "user": 9, "content_type": 7, "object_id": "8", "object_repr": "AAAAD", "action_flag": 2, "change_message": "[{\"changed\": {\"fields\": [\"img_author\", \"img_author_url\"]}}]"}}, {"model": "admin.logentry", "pk": 73, "fields": {"action_time": "2019-11-21T20:32:48.763Z", "user": 9, "content_type": 7, "object_id": "10", "object_repr": "QQQ", "action_flag": 2, "change_message": "[{\"changed\": {\"fields\": [\"feature_qotd\", \"img_author\", \"img_author_url\"]}}]"}}, {"model": "admin.logentry", "pk": 74, "fields": {"action_time": "2019-11-21T20:33:01.978Z", "user": 9, "content_type": 7, "object_id": "8", "object_repr": "AAAAD", "action_flag": 2, "change_message": "[{\"changed\": {\"fields\": [\"feature_qotd\"]}}]"}}, {"model": "admin.logentry", "pk": 75, "fields": {"action_time": "2019-11-21T20:43:16.738Z", "user": 9, "content_type": 7, "object_id": "10", "object_repr": "QQQ", "action_flag": 2, "change_message": "[{\"changed\": {\"fields\": [\"published\"]}}]"}}, {"model": "admin.logentry", "pk": 76, "fields": {"action_time": "2019-11-21T20:46:40.108Z", "user": 9, "content_type": 7, "object_id": "12", "object_repr": "dddddddddddddddd", "action_flag": 2, "change_message": "[{\"changed\": {\"fields\": [\"img_author\", \"img_author_url\"]}}]"}}, {"model": "admin.logentry", "pk": 77, "fields": {"action_time": "2019-11-21T20:48:30.926Z", "user": 9, "content_type": 7, "object_id": "8", "object_repr": "AAAAD", "action_flag": 2, "change_message": "[{\"changed\": {\"fields\": [\"published\"]}}]"}}, {"model": "admin.logentry", "pk": 78, "fields": {"action_time": "2019-11-21T20:48:37.058Z", "user": 9, "content_type": 7, "object_id": "9", "object_repr": "TTT", "action_flag": 2, "change_message": "[{\"changed\": {\"fields\": [\"published\"]}}]"}}, {"model": "admin.logentry", "pk": 79, "fields": {"action_time": "2019-11-21T20:48:43.425Z", "user": 9, "content_type": 7, "object_id": "10", "object_repr": "QQQ", "action_flag": 2, "change_message": "[{\"changed\": {\"fields\": [\"published\"]}}]"}}, {"model": "admin.logentry", "pk": 80, "fields": {"action_time": "2019-11-21T20:48:49.282Z", "user": 9, "content_type": 7, "object_id": "12", "object_repr": "dddddddddddddddd", "action_flag": 2, "change_message": "[{\"changed\": {\"fields\": [\"published\"]}}]"}}, {"model": "admin.logentry", "pk": 81, "fields": {"action_time": "2019-11-21T20:49:02.754Z", "user": 9, "content_type": 7, "object_id": "13", "object_repr": "dddddddddddddddddddddddddd", "action_flag": 2, "change_message": "[{\"changed\": {\"fields\": [\"img_author\", \"img_author_url\"]}}]"}}, {"model": "admin.logentry", "pk": 82, "fields": {"action_time": "2019-11-21T20:49:20.034Z", "user": 9, "content_type": 7, "object_id": "14", "object_repr": "Lets test this again and again", "action_flag": 2, "change_message": "[{\"changed\": {\"fields\": [\"img_author\", \"img_author_url\"]}}]"}}, {"model": "admin.logentry", "pk": 83, "fields": {"action_time": "2019-11-21T20:49:25.506Z", "user": 9, "content_type": 7, "object_id": "15", "object_repr": "holy catfish tiger", "action_flag": 2, "change_message": "[{\"changed\": {\"fields\": [\"img_author\", \"img_author_url\"]}}]"}}, {"model": "admin.logentry", "pk": 84, "fields": {"action_time": "2019-11-21T20:49:32.034Z", "user": 9, "content_type": 7, "object_id": "16", "object_repr": "Lets test this to publish this out", "action_flag": 2, "change_message": "[{\"changed\": {\"fields\": [\"published\"]}}]"}}, {"model": "admin.logentry", "pk": 85, "fields": {"action_time": "2019-11-21T20:49:41.158Z", "user": 9, "content_type": 7, "object_id": "18", "object_repr": "testing this once again to see how well lit does", "action_flag": 2, "change_message": "[{\"changed\": {\"fields\": [\"published\"]}}]"}}, {"model": "admin.logentry", "pk": 86, "fields": {"action_time": "2019-11-21T20:51:06.130Z", "user": 9, "content_type": 7, "object_id": "17", "object_repr": "score score score dkdjfkdsjfkdslfjkfd", "action_flag": 2, "change_message": "[{\"changed\": {\"fields\": [\"feature_qotd\"]}}]"}}, {"model": "admin.logentry", "pk": 87, "fields": {"action_time": "2019-11-21T20:54:43.654Z", "user": 9, "content_type": 7, "object_id": "8", "object_repr": "AAAAD", "action_flag": 2, "change_message": "[{\"changed\": {\"fields\": [\"featured_as_qotd\"]}}]"}}, {"model": "admin.logentry", "pk": 88, "fields": {"action_time": "2019-11-21T20:54:51.378Z", "user": 9, "content_type": 7, "object_id": "9", "object_repr": "TTT", "action_flag": 2, "change_message": "[{\"changed\": {\"fields\": [\"featured_as_qotd\"]}}]"}}, {"model": "admin.logentry", "pk": 89, "fields": {"action_time": "2019-11-21T20:54:54.527Z", "user": 9, "content_type": 7, "object_id": "10", "object_repr": "QQQ", "action_flag": 2, "change_message": "[{\"changed\": {\"fields\": [\"featured_as_qotd\"]}}]"}}, {"model": "admin.logentry", "pk": 90, "fields": {"action_time": "2019-11-21T20:54:59.862Z", "user": 9, "content_type": 7, "object_id": "12", "object_repr": "dddddddddddddddd", "action_flag": 2, "change_message": "[{\"changed\": {\"fields\": [\"featured_as_qotd\"]}}]"}}, {"model": "admin.logentry", "pk": 91, "fields": {"action_time": "2019-11-21T20:55:04.260Z", "user": 9, "content_type": 7, "object_id": "13", "object_repr": "dddddddddddddddddddddddddd", "action_flag": 2, "change_message": "[{\"changed\": {\"fields\": [\"featured_as_qotd\"]}}]"}}, {"model": "admin.logentry", "pk": 92, "fields": {"action_time": "2019-11-21T20:55:15.129Z", "user": 9, "content_type": 7, "object_id": "14", "object_repr": "Lets test this again and again", "action_flag": 2, "change_message": "[{\"changed\": {\"fields\": [\"featured_as_qotd\"]}}]"}}, {"model": "admin.logentry", "pk": 93, "fields": {"action_time": "2019-11-21T20:55:24.048Z", "user": 9, "content_type": 7, "object_id": "15", "object_repr": "holy catfish tiger", "action_flag": 2, "change_message": "[{\"changed\": {\"fields\": [\"featured_as_qotd\"]}}]"}}, {"model": "admin.logentry", "pk": 94, "fields": {"action_time": "2019-11-21T20:55:29.860Z", "user": 9, "content_type": 7, "object_id": "16", "object_repr": "Lets test this to publish this out", "action_flag": 2, "change_message": "[{\"changed\": {\"fields\": [\"featured_as_qotd\"]}}]"}}, {"model": "admin.logentry", "pk": 95, "fields": {"action_time": "2019-11-21T20:57:02.652Z", "user": 9, "content_type": 7, "object_id": "17", "object_repr": "score score score dkdjfkdsjfkdslfjkfd", "action_flag": 2, "change_message": "[{\"changed\": {\"fields\": [\"feature_qotd\"]}}]"}}, {"model": "admin.logentry", "pk": 96, "fields": {"action_time": "2019-11-22T12:43:17.868Z", "user": 9, "content_type": 7, "object_id": "18", "object_repr": "testing this once again to see how well lit does", "action_flag": 2, "change_message": "[]"}}, {"model": "admin.logentry", "pk": 97, "fields": {"action_time": "2019-11-22T12:43:36.425Z", "user": 9, "content_type": 7, "object_id": "18", "object_repr": "testing this once again to see how well lit does", "action_flag": 2, "change_message": "[]"}}, {"model": "admin.logentry", "pk": 98, "fields": {"action_time": "2019-11-22T12:43:44.628Z", "user": 9, "content_type": 7, "object_id": "18", "object_repr": "testing this once again to see how well lit does", "action_flag": 2, "change_message": "[{\"changed\": {\"fields\": [\"published\"]}}]"}}, {"model": "admin.logentry", "pk": 99, "fields": {"action_time": "2019-11-22T12:44:03.796Z", "user": 9, "content_type": 7, "object_id": "18", "object_repr": "testing this once again to see how well lit does", "action_flag": 2, "change_message": "[]"}}, {"model": "admin.logentry", "pk": 100, "fields": {"action_time": "2019-11-22T12:44:13.466Z", "user": 9, "content_type": 7, "object_id": "18", "object_repr": "testing this once again to see how well lit does", "action_flag": 2, "change_message": "[{\"changed\": {\"fields\": [\"published\"]}}]"}}, {"model": "admin.logentry", "pk": 101, "fields": {"action_time": "2019-11-22T12:45:32.050Z", "user": 9, "content_type": 7, "object_id": "18", "object_repr": "testing this once again to see how well lit does", "action_flag": 2, "change_message": "[{\"changed\": {\"fields\": [\"published\"]}}]"}}, {"model": "admin.logentry", "pk": 102, "fields": {"action_time": "2019-11-22T12:45:50.447Z", "user": 9, "content_type": 7, "object_id": "17", "object_repr": "score score score dkdjfkdsjfkdslfjkfd", "action_flag": 2, "change_message": "[{\"changed\": {\"fields\": [\"published\"]}}]"}}, {"model": "admin.logentry", "pk": 103, "fields": {"action_time": "2019-11-22T12:46:16.793Z", "user": 9, "content_type": 7, "object_id": "17", "object_repr": "score score score dkdjfkdsjfkdslfjkfd", "action_flag": 2, "change_message": "[{\"changed\": {\"fields\": [\"published\"]}}]"}}, {"model": "admin.logentry", "pk": 104, "fields": {"action_time": "2019-11-22T12:47:18.277Z", "user": 9, "content_type": 7, "object_id": "17", "object_repr": "score score score dkdjfkdsjfkdslfjkfd", "action_flag": 2, "change_message": "[]"}}, {"model": "admin.logentry", "pk": 105, "fields": {"action_time": "2019-11-22T12:47:21.758Z", "user": 9, "content_type": 7, "object_id": "17", "object_repr": "score score score dkdjfkdsjfkdslfjkfd", "action_flag": 2, "change_message": "[]"}}, {"model": "admin.logentry", "pk": 106, "fields": {"action_time": "2019-11-22T12:48:14.364Z", "user": 9, "content_type": 7, "object_id": "17", "object_repr": "score score score dkdjfkdsjfkdslfjkfd", "action_flag": 2, "change_message": "[{\"changed\": {\"fields\": [\"published\"]}}]"}}, {"model": "admin.logentry", "pk": 107, "fields": {"action_time": "2019-11-22T13:26:57.588Z", "user": 9, "content_type": 7, "object_id": "15", "object_repr": "holy catfish tiger", "action_flag": 2, "change_message": "[{\"changed\": {\"fields\": [\"published\"]}}]"}}, {"model": "admin.logentry", "pk": 108, "fields": {"action_time": "2019-11-22T17:46:39.578Z", "user": 9, "content_type": 7, "object_id": "8", "object_repr": "AAAAD", "action_flag": 2, "change_message": "[{\"changed\": {\"fields\": [\"feature_qotd\", \"featured_as_qotd\"]}}]"}}, {"model": "users.profile", "pk": 7, "fields": {"user": 1, "image": "profile_pics/iPhone_X_Copy_nh3EOpf.png", "bio": "ddgdf", "favoriteQuote": "dfdfdd", "currentCity": "dfsdfd"}}, {"model": "users.profile", "pk": 9, "fields": {"user": 8, "image": "default.jpg", "bio": "", "favoriteQuote": "", "currentCity": ""}}, {"model": "users.profile", "pk": 10, "fields": {"user": 9, "image": "default.jpg", "bio": "", "favoriteQuote": "", "currentCity": ""}}, {"model": "potd.photooftheday", "pk": 1, "fields": {"title": "Close of photo of some leaves with rain drops", "photographer": "travis Leslie", "img": "potd_default.jpg", "photographer_url": "http://instagram.com/brynna", "slug": "close-of-photo-of-some-leaves-with-rain-drops", "draft": false, "published": "2019-11-13T23:44:16Z", "date_posted": "2019-11-13T23:44:16Z", "user": 1, "feature_potd": false, "featured_as_potd": false}}, {"model": "potd.photooftheday", "pk": 2, "fields": {"title": "How to make 100k a year taking photos and making videos", "photographer": "Brynna Leslie", "img": "potd_default.jpg", "photographer_url": "http://instagram.com/brynna", "slug": "how-to-make-100k-a-year-taking-photos-and-making-videos", "draft": false, "published": "2019-11-13T23:55:21Z", "date_posted": "2019-11-13T23:55:21Z", "user": 1, "feature_potd": false, "featured_as_potd": false}}, {"model": "potd.photooftheday", "pk": 3, "fields": {"title": "How to make 100k a year taking photos and making videos", "photographer": "travis Leslie", "img": "potd_default.jpg", "photographer_url": "http://instagram.com/brynna", "slug": "how-to-make-100k-a-year-taking-photos-and-making-videos", "draft": false, "published": "2019-11-14T00:12:38Z", "date_posted": "2019-11-14T00:12:38Z", "user": 1, "feature_potd": false, "featured_as_potd": false}}, {"model": "quotes.like", "pk": 6, "fields": {"user": 8, "post": 8, "value": 0, "timestamp": "2019-11-07"}}, {"model": "quotes.like", "pk": 31, "fields": {"user": 8, "post": 9, "value": 1, "timestamp": "2019-11-08"}}, {"model": "quotes.like", "pk": 32, "fields": {"user": 8, "post": 10, "value": 1, "timestamp": "2019-11-08"}}, {"model": "quotes.like", "pk": 33, "fields": {"user": 1, "post": 17, "value": 1, "timestamp": "2019-11-13"}}, {"model": "quotes.post", "pk": 8, "fields": {"quote": "AAAAD", "author": 14, "draft": false, "slug": "aaaa", "published": "2019-01-21T19:43:00Z", "date_posted": "2019-11-06T05:56:00Z", "user": 8, "likes": 0, "feature_qotd": true, "featured_as_qotd": false, "img": "default.jpg", "img_author": "http://dfg.rr", "img_author_url": "http://dfg.rr"}}, {"model": "quotes.post", "pk": 9, "fields": {"quote": "TTT", "author": 15, "draft": false, "slug": "ttt", "published": "2019-02-21T19:43:59Z", "date_posted": "2019-11-07T22:21:36Z", "user": 8, "likes": 4, "feature_qotd": false, "featured_as_qotd": true, "img": "default.jpg", "img_author": "11", "img_author_url": "http://dfg.rr"}}, {"model": "quotes.post", "pk": 10, "fields": {"quote": "QQQ", "author": 6, "draft": false, "slug": "qqq", "published": "2019-03-22T18:43:59Z", "date_posted": "2019-11-07T22:22:05Z", "user": 8, "likes": 1, "feature_qotd": false, "featured_as_qotd": true, "img": "default.jpg", "img_author": "http://dfg.rr", "img_author_url": "http://dfg.rr"}}, {"model": "quotes.post", "pk": 12, "fields": {"quote": "dddddddddddddddd", "author": 16, "draft": false, "slug": "dddddddddddddddd", "published": "2019-04-21T18:43:59Z", "date_posted": "2019-11-12T17:25:52Z", "user": 8, "likes": 0, "feature_qotd": false, "featured_as_qotd": true, "img": "default.jpg", "img_author": "http://dfg.rr", "img_author_url": "http://dfg.rr"}}, {"model": "quotes.post", "pk": 13, "fields": {"quote": "dddddddddddddddddddddddddd", "author": 17, "draft": false, "slug": "dddddddddddddddddddddddddd", "published": "2019-05-21T18:43:59Z", "date_posted": "2019-11-12T17:34:09Z", "user": 8, "likes": 0, "feature_qotd": false, "featured_as_qotd": true, "img": "default.jpg", "img_author": "http://dfg.rr", "img_author_url": "http://dfg.rr"}}, {"model": "quotes.post", "pk": 14, "fields": {"quote": "Lets test this again and again", "author": 18, "draft": false, "slug": "lets-test-this-again-and-again", "published": "2019-06-21T18:43:59Z", "date_posted": "2019-11-12T20:28:48Z", "user": 1, "likes": 0, "feature_qotd": false, "featured_as_qotd": true, "img": "default.jpg", "img_author": "http://dfg.rr", "img_author_url": "http://dfg.rr"}}, {"model": "quotes.post", "pk": 15, "fields": {"quote": "holy catfish tiger", "author": 2, "draft": false, "slug": "holy-catfish-tiger", "published": "2019-12-29T19:43:00Z", "date_posted": "2019-11-12T20:51:00Z", "user": 1, "likes": 0, "feature_qotd": false, "featured_as_qotd": true, "img": "default.jpg", "img_author": "http://dfg.rr", "img_author_url": "http://dfg.rr"}}, {"model": "quotes.post", "pk": 16, "fields": {"quote": "Lets test this to publish this out", "author": 2, "draft": false, "slug": null, "published": "2019-08-21T18:43:59Z", "date_posted": "2019-11-14T04:21:28Z", "user": 1, "likes": 0, "feature_qotd": false, "featured_as_qotd": true, "img": "quote_pics/chef-gallery-1.jpg", "img_author": "Travis Leslie", "img_author_url": "http://www.travisleslie.com"}}, {"model": "quotes.post", "pk": 17, "fields": {"quote": "score score score dkdjfkdsjfkdslfjkfd", "author": 16, "draft": false, "slug": "design", "published": "2019-12-21T19:45:00Z", "date_posted": "2019-11-13T23:49:00Z", "user": 1, "likes": 1, "feature_qotd": false, "featured_as_qotd": false, "img": "default.jpg", "img_author": "Travis Leslie", "img_author_url": "http://www.travisleslie.com"}}, {"model": "quotes.post", "pk": 18, "fields": {"quote": "testing this once again to see how well lit does", "author": 19, "draft": false, "slug": "testing-this-once-again-to-see-how-well-lit-does", "published": "2019-12-21T19:44:00Z", "date_posted": "2019-11-15T01:25:00Z", "user": 1, "likes": 0, "feature_qotd": false, "featured_as_qotd": false, "img": "default.jpg", "img_author": "Travis Leslie", "img_author_url": "http://www.travisleslie.com"}}]