[{"model": "quotes.category", "pk": 16, "fields": {"name": "CCCC", "slug": "cccc", "parent": null}}, {"model": "quotes.category", "pk": 17, "fields": {"name": "CCCCC", "slug": "ccccc", "parent": null}}, {"model": "quotes.category", "pk": 18, "fields": {"name": "DDDD", "slug": "dddd", "parent": null}}, {"model": "quotes.category", "pk": 19, "fields": {"name": "2222", "slug": "2222", "parent": null}}, {"model": "quotes.category", "pk": 20, "fields": {"name": "1223", "slug": "1223", "parent": null}}, {"model": "quotes.category", "pk": 21, "fields": {"name": "dd", "slug": "dd", "parent": null}}, {"model": "quotes.category", "pk": 22, "fields": {"name": "d", "slug": "d", "parent": null}}, {"model": "quotes.category", "pk": 23, "fields": {"name": "qq", "slug": "qq", "parent": null}}, {"model": "quotes.category", "pk": 24, "fields": {"name": "dddddddddddd", "slug": "dddddddddddd", "parent": null}}, {"model": "quotes.category", "pk": 25, "fields": {"name": "dddddddddd", "slug": "dddddddddd", "parent": null}}, {"model": "quotes.category", "pk": 26, "fields": {"name": "mindsets", "slug": "mindsets", "parent": null}}, {"model": "quotes.category", "pk": 27, "fields": {"name": "designers", "slug": "designers", "parent": null}}, {"model": "quotes.category", "pk": 28, "fields": {"name": "Comedy", "slug": "comedy", "parent": null}}, {"model": "quotes.category", "pk": 29, "fields": {"name": "Mindset", "slug": "mindset", "parent": null}}, {"model": "quotes.category", "pk": 30, "fields": {"name": "cheesecake", "slug": "cheesecake", "parent": null}}, {"model": "quotes.background", "pk": 24, "fields": {"color": "#533030", "slug": "533030"}}, {"model": "quotes.background", "pk": 25, "fields": {"color": "#ff0000", "slug": "ff0000"}}, {"model": "quotes.background", "pk": 26, "fields": {"color": "#af9191", "slug": "af9191"}}, {"model": "quotes.background", "pk": 27, "fields": {"color": "#572d2d", "slug": "572d2d"}}, {"model": "quotes.background", "pk": 28, "fields": {"color": "#312727", "slug": "312727"}}, {"model": "quotes.background", "pk": 29, "fields": {"color": "#e79c9c", "slug": "e79c9c"}}, {"model": "quotes.background", "pk": 30, "fields": {"color": "q", "slug": "q"}}, {"model": "quotes.background", "pk": 31, "fields": {"color": "#552020", "slug": "552020"}}, {"model": "quotes.background", "pk": 32, "fields": {"color": "#372121", "slug": "372121"}}, {"model": "quotes.background", "pk": 33, "fields": {"color": "#036979", "slug": "036979"}}, {"model": "quotes.background", "pk": 34, "fields": {"color": "#6c6c6c", "slug": "6c6c6c"}}, {"model": "quotes.background", "pk": 35, "fields": {"color": "#ff00f5", "slug": "ff00f5"}}, {"model": "quotes.background", "pk": 36, "fields": {"color": "#00ceff", "slug": "00ceff"}}, {"model": "quotes.background", "pk": 37, "fields": {"color": "#00f5ff", "slug": "00f5ff"}}, {"model": "quotes.background", "pk": 38, "fields": {"color": "#070707", "slug": "070707"}}, {"model": "quotes.post", "pk": 8, "fields": {"quote": "AAAAD", "author": 14, "draft": false, "slug": "aaaa", "published": "2019-01-21T19:43:00Z", "date_posted": "2019-11-06T05:56:00Z", "user": 8, "likes": 0, "feature_qotd": true, "featured_as_qotd": false, "img": "default.jpg", "img_author": "http://dfg.rr", "img_author_url": "http://dfg.rr"}}, {"model": "quotes.post", "pk": 9, "fields": {"quote": "TTT", "author": 15, "draft": false, "slug": "ttt", "published": "2019-02-21T19:43:59Z", "date_posted": "2019-11-07T22:21:36Z", "user": 8, "likes": 4, "feature_qotd": false, "featured_as_qotd": true, "img": "default.jpg", "img_author": "11", "img_author_url": "http://dfg.rr"}}, {"model": "quotes.post", "pk": 10, "fields": {"quote": "QQQ", "author": 6, "draft": false, "slug": "qqq", "published": "2019-03-22T18:43:59Z", "date_posted": "2019-11-07T22:22:05Z", "user": 8, "likes": 1, "feature_qotd": false, "featured_as_qotd": true, "img": "default.jpg", "img_author": "http://dfg.rr", "img_author_url": "http://dfg.rr"}}, {"model": "quotes.post", "pk": 12, "fields": {"quote": "dddddddddddddddd", "author": 16, "draft": false, "slug": "dddddddddddddddd", "published": "2019-04-21T18:43:59Z", "date_posted": "2019-11-12T17:25:52Z", "user": 8, "likes": 0, "feature_qotd": false, "featured_as_qotd": true, "img": "default.jpg", "img_author": "http://dfg.rr", "img_author_url": "http://dfg.rr"}}, {"model": "quotes.post", "pk": 13, "fields": {"quote": "dddddddddddddddddddddddddd", "author": 17, "draft": false, "slug": "dddddddddddddddddddddddddd", "published": "2019-05-21T18:43:59Z", "date_posted": "2019-11-12T17:34:09Z", "user": 8, "likes": 0, "feature_qotd": false, "featured_as_qotd": true, "img": "default.jpg", "img_author": "http://dfg.rr", "img_author_url": "http://dfg.rr"}}, {"model": "quotes.post", "pk": 14, "fields": {"quote": "Lets test this again and again", "author": 18, "draft": false, "slug": "lets-test-this-again-and-again", "published": "2019-06-21T18:43:59Z", "date_posted": "2019-11-12T20:28:48Z", "user": 1, "likes": 0, "feature_qotd": false, "featured_as_qotd": true, "img": "default.jpg", "img_author": "http://dfg.rr", "img_author_url": "http://dfg.rr"}}, {"model": "quotes.post", "pk": 15, "fields": {"quote": "holy catfish tiger", "author": 2, "draft": false, "slug": "holy-catfish-tiger", "published": "2019-12-29T19:43:00Z", "date_posted": "2019-11-12T20:51:00Z", "user": 1, "likes": 0, "feature_qotd": false, "featured_as_qotd": true, "img": "default.jpg", "img_author": "http://dfg.rr", "img_author_url": "http://dfg.rr"}}, {"model": "quotes.post", "pk": 16, "fields": {"quote": "Lets test this to publish this out", "author": 2, "draft": false, "slug": null, "published": "2019-08-21T18:43:59Z", "date_posted": "2019-11-14T04:21:28Z", "user": 1, "likes": 0, "feature_qotd": false, "featured_as_qotd": true, "img": "quote_pics/chef-gallery-1.jpg", "img_author": "Travis Leslie", "img_author_url": "http://www.travisleslie.com"}}, {"model": "quotes.post", "pk": 17, "fields": {"quote": "score score score dkdjfkdsjfkdslfjkfd", "author": 16, "draft": false, "slug": "design", "published": "2019-12-21T19:45:00Z", "date_posted": "2019-11-13T23:49:00Z", "user": 1, "likes": 1, "feature_qotd": false, "featured_as_qotd": false, "img": "default.jpg", "img_author": "Travis Leslie", "img_author_url": "http://www.travisleslie.com"}}, {"model": "quotes.post", "pk": 18, "fields": {"quote": "testing this once again to see how well lit does", "author": 19, "draft": false, "slug": "testing-this-once-again-to-see-how-well-lit-does", "published": "2019-12-21T19:44:00Z", "date_posted": "2019-11-15T01:25:00Z", "user": 1, "likes": 0, "feature_qotd": false, "featured_as_qotd": false, "img": "default.jpg", "img_author": "Travis Leslie", "img_author_url": "http://www.travisleslie.com"}}, {"model": "quotes.postbackground", "pk": 25, "fields": {"post": 8, "background": 24}}, {"model": "quotes.postbackground", "pk": 26, "fields": {"post": 8, "background": 26}}, {"model": "quotes.postbackground", "pk": 27, "fields": {"post": 9, "background": 27}}, {"model": "quotes.postbackground", "pk": 28, "fields": {"post": 9, "background": 25}}, {"model": "quotes.postbackground", "pk": 29, "fields": {"post": 10, "background": 28}}, {"model": "quotes.postbackground", "pk": 30, "fields": {"post": 10, "background": 25}}, {"model": "quotes.postbackground", "pk": 33, "fields": {"post": 12, "background": 30}}, {"model": "quotes.postbackground", "pk": 34, "fields": {"post": 12, "background": 25}}, {"model": "quotes.postbackground", "pk": 35, "fields": {"post": 13, "background": 31}}, {"model": "quotes.postbackground", "pk": 36, "fields": {"post": 13, "background": 32}}, {"model": "quotes.postbackground", "pk": 37, "fields": {"post": 14, "background": 33}}, {"model": "quotes.postbackground", "pk": 38, "fields": {"post": 14, "background": 34}}, {"model": "quotes.postbackground", "pk": 39, "fields": {"post": 15, "background": 35}}, {"model": "quotes.postbackground", "pk": 40, "fields": {"post": 15, "background": 36}}, {"model": "quotes.postbackground", "pk": 41, "fields": {"post": 18, "background": 37}}, {"model": "quotes.postbackground", "pk": 42, "fields": {"post": 18, "background": 38}}, {"model": "quotes.postcategory", "pk": 14, "fields": {"post": 8, "category": 17}}, {"model": "quotes.postcategory", "pk": 15, "fields": {"post": 8, "category": 18}}, {"model": "quotes.postcategory", "pk": 16, "fields": {"post": 9, "category": 19}}, {"model": "quotes.postcategory", "pk": 17, "fields": {"post": 10, "category": 20}}, {"model": "quotes.postcategory", "pk": 20, "fields": {"post": 12, "category": 23}}, {"model": "quotes.postcategory", "pk": 21, "fields": {"post": 12, "category": 21}}, {"model": "quotes.postcategory", "pk": 22, "fields": {"post": 13, "category": 24}}, {"model": "quotes.postcategory", "pk": 23, "fields": {"post": 13, "category": 25}}, {"model": "quotes.postcategory", "pk": 24, "fields": {"post": 14, "category": 26}}, {"model": "quotes.postcategory", "pk": 25, "fields": {"post": 14, "category": 27}}, {"model": "quotes.postcategory", "pk": 26, "fields": {"post": 15, "category": 28}}, {"model": "quotes.postcategory", "pk": 27, "fields": {"post": 16, "category": 27}}, {"model": "quotes.postcategory", "pk": 28, "fields": {"post": 17, "category": 28}}, {"model": "quotes.postcategory", "pk": 29, "fields": {"post": 18, "category": 29}}, {"model": "quotes.postcategory", "pk": 30, "fields": {"post": 18, "category": 30}}, {"model": "quotes.author", "pk": 2, "fields": {"name": "Travis Leslie", "img": "author_default.jpg", "slug": ""}}, {"model": "quotes.author", "pk": 3, "fields": {"name": "asdsds", "img": "author_default.jpg", "slug": "asdsds"}}, {"model": "quotes.author", "pk": 4, "fields": {"name": "dsdsds", "img": "author_default.jpg", "slug": "dsdsds"}}, {"model": "quotes.author", "pk": 5, "fields": {"name": "ddd", "img": "author_default.jpg", "slug": "ddd"}}, {"model": "quotes.author", "pk": 6, "fields": {"name": "TTT", "img": "author_default.jpg", "slug": "ttt"}}, {"model": "quotes.author", "pk": 7, "fields": {"name": "123123", "img": "author_default.jpg", "slug": "123123"}}, {"model": "quotes.author", "pk": 8, "fields": {"name": "1111", "img": "author_default.jpg", "slug": "1111"}}, {"model": "quotes.author", "pk": 9, "fields": {"name": "qqqq", "img": "author_default.jpg", "slug": "qqqq"}}, {"model": "quotes.author", "pk": 10, "fields": {"name": "qqq", "img": "author_default.jpg", "slug": "qqq"}}, {"model": "quotes.author", "pk": 11, "fields": {"name": "122", "img": "author_default.jpg", "slug": "122"}}, {"model": "quotes.author", "pk": 12, "fields": {"name": "SSSSS", "img": "author_default.jpg", "slug": "sssss"}}, {"model": "quotes.author", "pk": 13, "fields": {"name": "BBBB", "img": "author_default.jpg", "slug": "bbbb"}}, {"model": "quotes.author", "pk": 14, "fields": {"name": "BBBBB", "img": "author_default.jpg", "slug": "bbbbb"}}, {"model": "quotes.author", "pk": 15, "fields": {"name": "111", "img": "author_default.jpg", "slug": "111"}}, {"model": "quotes.author", "pk": 16, "fields": {"name": "dqq", "img": "author_default.jpg", "slug": "dqq"}}, {"model": "quotes.author", "pk": 17, "fields": {"name": "ddddddddd", "img": "author_default.jpg", "slug": "ddddddddd"}}, {"model": "quotes.author", "pk": 18, "fields": {"name": "George Eliot", "img": "profile_pics/barber-profile.jpg", "slug": "george-eliot"}}, {"model": "quotes.author", "pk": 19, "fields": {"name": "Deep Roy", "img": "author_default.jpg", "slug": "deep-roy"}}, {"model": "quotes.like", "pk": 6, "fields": {"user": 8, "post": 8, "value": 0, "timestamp": "2019-11-07"}}, {"model": "quotes.like", "pk": 31, "fields": {"user": 8, "post": 9, "value": 1, "timestamp": "2019-11-08"}}, {"model": "quotes.like", "pk": 32, "fields": {"user": 8, "post": 10, "value": 1, "timestamp": "2019-11-08"}}, {"model": "quotes.like", "pk": 33, "fields": {"user": 1, "post": 17, "value": 1, "timestamp": "2019-11-13"}}, {"model": "quotes.quotecollections", "pk": 1, "fields": {"name": "Travis Leslie", "title": "Testing this jam", "img": "default.jpg", "draft": true, "slug": "testing-this-jam", "published": "2019-11-15T01:58:08Z", "date_posted": "2019-11-15T01:58:08Z", "quote": [9]}}, {"model": "potd.photooftheday", "pk": 1, "fields": {"title": "Close of photo of some leaves with rain drops", "photographer": "travis Leslie", "img": "potd_default.jpg", "photographer_url": "http://instagram.com/brynna", "slug": "close-of-photo-of-some-leaves-with-rain-drops", "draft": false, "published": "2019-11-13T23:44:16Z", "date_posted": "2019-11-13T23:44:16Z", "user": 1, "feature_potd": false, "featured_as_potd": false}}, {"model": "potd.photooftheday", "pk": 2, "fields": {"title": "How to make 100k a year taking photos and making videos", "photographer": "Brynna Leslie", "img": "potd_default.jpg", "photographer_url": "http://instagram.com/brynna", "slug": "how-to-make-100k-a-year-taking-photos-and-making-videos", "draft": false, "published": "2019-11-13T23:55:21Z", "date_posted": "2019-11-13T23:55:21Z", "user": 1, "feature_potd": false, "featured_as_potd": false}}, {"model": "potd.photooftheday", "pk": 3, "fields": {"title": "How to make 100k a year taking photos and making videos", "photographer": "travis Leslie", "img": "potd_default.jpg", "photographer_url": "http://instagram.com/brynna", "slug": "how-to-make-100k-a-year-taking-photos-and-making-videos", "draft": false, "published": "2019-11-14T00:12:38Z", "date_posted": "2019-11-14T00:12:38Z", "user": 1, "feature_potd": false, "featured_as_potd": false}}]